data_set,missingness,Majority,MIA,Weighted,Trinary
wine_quality,0.0,0.6736417324128863,0.6736417324128863,0.6736417324128863,0.6736417324128863
wine_quality,0.9,0.7776000000000001,0.7776000000000001,0.7748916666666665,0.7776000000000001
