data_set,missingness,Majority,Trinary
wine_quality,0.0,0.6032094275464776,0.6032094275464776
wine_quality,0.5,0.7198908748706856,0.6629134731224987
