,majority,mia,trinary,weighted
0.0,57.33826753083568,57.33826753083568,57.33826753083568,57.33826753083568
0.25,73.62301125214182,73.62301125214182,60.895745683765306,65.3468738085989
0.5,90.99805263357825,90.99805263357825,71.6065454272664,74.72366041044036
0.75,106.17863884029481,106.17863884029481,77.06079234140967,80.21699889694828
