,majority,mia,trinary,weighted
0.0,12.366000121721715,12.366000121721715,12.366000121721715,12.366000121721715
0.25,24.00017644449087,24.00017644449087,16.121106611956417,24.484690018774042
0.5,42.86511783223027,42.86511783223027,22.646105685805683,37.416251548426594
0.75,57.08729696501003,57.08729696501003,29.99812351376695,54.749310661707355
