,majority,mia,trinary,weighted
0.0,94.46284376682948,94.46284376682948,94.46284376682948,94.46284376682948
0.25,104.9808978876225,104.9808978876225,90.5432943015047,97.4442182289973
0.5,123.45532419658029,123.45532419658029,97.95038210368361,102.99246810332788
0.75,135.18417562790475,135.18417562790475,107.68538642854047,108.18619286505499
