,majority,mia,trinary,weighted
0.0,10.780767358475387,10.780767358475387,10.780767358475387,10.780767358475387
0.25,14.958834485329424,14.958834485329424,10.199605529323378,13.211585517943483
0.5,19.582441501761146,19.582441501761146,11.841293871650887,15.956614319288807
0.75,26.041339391137743,26.041339391137743,16.431814881849274,18.32048409883748
