,majority,mia,trinary,weighted
0.0,162.96457672012545,162.96457672012545,162.96457672012545,162.96457672012545
0.25,360.93192773508025,360.93192773508025,250.0672305437583,242.81470290256217
0.5,527.5942579145201,527.5942579145201,310.66405818838126,303.27890796274187
0.75,700.8777747869739,700.8777747869739,357.26245061563804,360.19146817955243
