,majority,mia,trinary,weighted
0.0,0.5971370025508745,0.5971370025508745,0.5971370025508745,0.5971370025508745
0.25,0.699568696978934,0.699568696978934,0.6229479516716037,0.6525564962817244
0.5,0.7792141736947982,0.7792141736947982,0.6532718523670695,0.6965766139645014
0.75,0.8972648560040263,0.8972648560040263,0.7140055377383037,0.7550181265468147
