,majority,mia,trinary,weighted
0.0,115.21349509092838,115.21349509092838,115.21349509092838,115.21349509092838
0.25,181.52580144274827,181.52580144274827,142.12324682670373,172.62465836187533
0.5,227.1675958623828,227.1675958623828,171.64668559916018,217.04252098836494
0.75,268.88125848861296,268.88125848861296,220.76850369209865,265.70347240794723
