,majority,mia,trinary,weighted
0.0,24855651.591545735,24855651.591545735,24855651.591545735,24855651.591545735
0.25,24900090.6016787,24900090.6016787,24888234.523829054,24892954.270867944
0.5,24961039.660954837,24961039.660954837,24941877.824822273,24947417.01797144
0.75,25021031.940724265,25021031.940724265,24995600.04254042,25000907.062325686
