,majority,mia,trinary,weighted
0.0,14.370199019247778,14.370199019247778,14.370199019247778,14.370199019247778
0.25,83.4477518090691,83.4477518090691,14.92239820952815,17.59756560559033
0.5,221.60285738871184,221.60285738871184,17.495251460166614,22.29927905455081
0.75,290.6804101785336,290.6804101785336,19.01973026304037,25.964900571824515
