,majority,mia,trinary,weighted
0.0,24.438337780582692,24.438337780582692,24.438337780582692,24.438337780582692
0.25,34.49638878287731,34.49638878287731,24.819758339739657,28.6027449089079
0.5,50.274760537351106,50.274760537351106,24.34973708524712,42.24554203634983
0.75,68.41017884637827,68.41017884637827,37.86195335304671,60.17415257809537
